{"ProjectWatches":"{\"Value\":[]}","ProjectBreakpoints":"{\"Value\":{\"system1/system1_close.xaml\":[{\"ConditionalExpression\":null,\"ActionExpression\":null,\"ExpectedHitCounter\":null,\"ShouldContinueAfterAction\":false,\"IsTransient\":false,\"IsEnabled\":true,\"Id\":\"50ee1557-f340-418e-8319-cd4f229f71da\",\"ActivityIdRef\":\"CloseTab_1\",\"ActivityId\":\"1.7\",\"ActivityName\":\"Close Tab\"}],\"process.xaml\":[{\"ConditionalExpression\":null,\"ActionExpression\":null,\"ExpectedHitCounter\":null,\"ShouldContinueAfterAction\":false,\"IsTransient\":false,\"IsEnabled\":true,\"Id\":\"9cd8eec0-8cce-4813-8abb-e12b2129c470\",\"ActivityIdRef\":\"InvokeWorkflowFile_4\",\"ActivityId\":\"1.50\",\"ActivityName\":\"Invoke System1_NavigateTo_WIDetails workflow\"}],\"system1/system1_extractwisdatatable.xaml\":[{\"ConditionalExpression\":null,\"ActionExpression\":null,\"ExpectedHitCounter\":null,\"ShouldContinueAfterAction\":false,\"IsTransient\":false,\"IsEnabled\":true,\"Id\":\"eb59720c-3b90-46dd-8619-0eab46deeedb\",\"ActivityIdRef\":\"LogMessage_1\",\"ActivityId\":\"1.32\",\"ActivityName\":\"Log Message\"}]}}","OpenedDocuments":"[]","LibraryProjectSettings":"{\"IncludeSourcesByDefault\":true,\"CompileExpressions\":true,\"ReadyToRun\":false,\"DefaultActivitiesRootCategories\":[null]}"}